{"chunk_definitions":[{"row":8,"row_count":1,"visible":true,"expansion_state":0,"options":{"engine":"r","label":"setup","include":false},"document_id":"FBEC93E5","chunk_id":"csetup_chunk","chunk_label":"setup"},{"row":14,"row_count":1,"visible":true,"expansion_state":0,"options":{"engine":"r","label":"unnamed-chunk-1"},"document_id":"FBEC93E5","chunk_id":"cckszr7ii0u0v","chunk_label":"unnamed-chunk-1"},{"row":19,"row_count":1,"visible":true,"expansion_state":0,"options":{"engine":"r","label":"unnamed-chunk-2"},"document_id":"FBEC93E5","chunk_id":"castdac4zfusq","chunk_label":"unnamed-chunk-2"},{"row":31,"row_count":1,"visible":true,"expansion_state":0,"options":{"engine":"r","label":"unnamed-chunk-3"},"document_id":"FBEC93E5","chunk_id":"crlspt0ttwbwn","chunk_label":"unnamed-chunk-3"},{"row":37,"row_count":1,"visible":true,"expansion_state":0,"options":{"engine":"r","label":"unnamed-chunk-4"},"document_id":"FBEC93E5","chunk_id":"c1bo4in1xl9x4","chunk_label":"unnamed-chunk-4"},{"row":43,"row_count":1,"visible":true,"expansion_state":0,"options":{"engine":"r","label":"unnamed-chunk-5"},"document_id":"FBEC93E5","chunk_id":"c2d9cefnm3s6h","chunk_label":"unnamed-chunk-5"},{"row":50,"row_count":1,"visible":true,"expansion_state":0,"options":{"engine":"r","label":"unnamed-chunk-6"},"document_id":"FBEC93E5","chunk_id":"cgcbtr7si5s8p","chunk_label":"unnamed-chunk-6"},{"row":59,"row_count":1,"visible":true,"expansion_state":0,"options":{"engine":"r","label":"unnamed-chunk-7"},"document_id":"FBEC93E5","chunk_id":"cwl1tja5bcysq","chunk_label":"unnamed-chunk-7"},{"row":67,"row_count":1,"visible":true,"expansion_state":0,"options":{"engine":"r","label":"unnamed-chunk-8"},"document_id":"FBEC93E5","chunk_id":"c0i2pm2wtacj1","chunk_label":"unnamed-chunk-8"},{"row":74,"row_count":1,"visible":true,"expansion_state":0,"options":{"engine":"r","label":"unnamed-chunk-9"},"document_id":"FBEC93E5","chunk_id":"cvvt3vs8wi57n","chunk_label":"unnamed-chunk-9"},{"row":89,"row_count":1,"visible":true,"expansion_state":0,"options":{"engine":"r","label":"unnamed-chunk-10"},"document_id":"FBEC93E5","chunk_id":"c7hraelusssqh","chunk_label":"unnamed-chunk-10"},{"row":98,"row_count":1,"visible":true,"expansion_state":0,"options":{"engine":"r","label":"unnamed-chunk-11"},"document_id":"FBEC93E5","chunk_id":"cmka50df26eps","chunk_label":"unnamed-chunk-11"},{"row":104,"row_count":1,"visible":true,"expansion_state":0,"options":{"engine":"r","label":"unnamed-chunk-12"},"document_id":"FBEC93E5","chunk_id":"c8tu0vmbagn0j","chunk_label":"unnamed-chunk-12"},{"row":108,"row_count":1,"visible":true,"expansion_state":0,"options":{"engine":"r","label":"unnamed-chunk-13"},"document_id":"FBEC93E5","chunk_id":"ck2all7puhnum","chunk_label":"unnamed-chunk-13"},{"row":112,"row_count":1,"visible":true,"expansion_state":0,"options":{"engine":"r","label":"unnamed-chunk-14"},"document_id":"FBEC93E5","chunk_id":"cu7h6u4baj7y6","chunk_label":"unnamed-chunk-14"},{"row":118,"row_count":1,"visible":true,"expansion_state":0,"options":{"engine":"r","label":"unnamed-chunk-17"},"document_id":"FBEC93E5","chunk_id":"cmeyxl186brz9","chunk_label":"unnamed-chunk-15"},{"row":123,"row_count":1,"visible":true,"expansion_state":0,"options":{"engine":"r","label":"unnamed-chunk-18"},"document_id":"FBEC93E5","chunk_id":"cmur9h791ohwf","chunk_label":"unnamed-chunk-16"},{"row":129,"row_count":1,"visible":true,"expansion_state":0,"options":{"engine":"r","label":"unnamed-chunk-20"},"document_id":"FBEC93E5","chunk_id":"czxwlmn5b3w6o","chunk_label":"unnamed-chunk-17"},{"row":135,"row_count":1,"visible":true,"expansion_state":0,"options":{"engine":"r","label":"unnamed-chunk-21"},"document_id":"FBEC93E5","chunk_id":"cnccip444zh9w","chunk_label":"unnamed-chunk-18"},{"row":143,"row_count":1,"visible":true,"expansion_state":0,"options":{"engine":"r","label":"unnamed-chunk-22"},"document_id":"FBEC93E5","chunk_id":"cgfsw1ntvejf6","chunk_label":"unnamed-chunk-19"},{"row":149,"row_count":1,"visible":true,"expansion_state":0,"options":{"engine":"r","label":"unnamed-chunk-23"},"document_id":"FBEC93E5","chunk_id":"c3y1ykcvlll5w","chunk_label":"unnamed-chunk-20"},{"row":155,"row_count":1,"visible":true,"expansion_state":0,"options":{"engine":"r","label":"unnamed-chunk-24"},"document_id":"FBEC93E5","chunk_id":"c91rr6djmp4st","chunk_label":"unnamed-chunk-21"},{"row":161,"row_count":1,"visible":true,"expansion_state":0,"options":{"engine":"r","label":"unnamed-chunk-25"},"document_id":"FBEC93E5","chunk_id":"c2ftg64cfs4mx","chunk_label":"unnamed-chunk-22"},{"row":165,"row_count":1,"visible":true,"expansion_state":0,"options":{"engine":"r","label":"unnamed-chunk-26"},"document_id":"FBEC93E5","chunk_id":"c2ioy4b0ymran","chunk_label":"unnamed-chunk-23"},{"row":173,"row_count":1,"visible":true,"expansion_state":0,"options":{"engine":"r","label":"unnamed-chunk-27"},"document_id":"FBEC93E5","chunk_id":"cdfrfvuacba2h","chunk_label":"unnamed-chunk-24"},{"row":179,"row_count":1,"visible":true,"expansion_state":0,"options":{"engine":"r","label":"unnamed-chunk-28"},"document_id":"FBEC93E5","chunk_id":"c5s6tld8qwtst","chunk_label":"unnamed-chunk-25"},{"row":191,"row_count":1,"visible":true,"expansion_state":0,"options":{"engine":"r","label":"unnamed-chunk-29"},"document_id":"FBEC93E5","chunk_id":"czm55sx1tnf7l","chunk_label":"unnamed-chunk-26"},{"row":197,"row_count":1,"visible":true,"expansion_state":0,"options":{"engine":"r","label":"unnamed-chunk-30"},"document_id":"FBEC93E5","chunk_id":"cvemddofsw3kw","chunk_label":"unnamed-chunk-27"},{"row":202,"row_count":1,"visible":true,"expansion_state":0,"options":{"engine":"r","label":"unnamed-chunk-31"},"document_id":"FBEC93E5","chunk_id":"cteoqvn7pn3y6","chunk_label":"unnamed-chunk-28"},{"row":206,"row_count":1,"visible":true,"expansion_state":0,"options":{"engine":"r","label":"unnamed-chunk-32"},"document_id":"FBEC93E5","chunk_id":"cj7rljxpsmebj","chunk_label":"unnamed-chunk-29"},{"row":213,"row_count":1,"visible":true,"expansion_state":0,"options":{"engine":"r","label":"unnamed-chunk-50"},"document_id":"FBEC93E5","chunk_id":"ctfg37ams06pg","chunk_label":"unnamed-chunk-30"},{"row":220,"row_count":1,"visible":true,"expansion_state":0,"options":{"engine":"r","label":"unnamed-chunk-51"},"document_id":"FBEC93E5","chunk_id":"ci1ubuyx5d7tz","chunk_label":"unnamed-chunk-31"},{"row":225,"row_count":1,"visible":true,"expansion_state":0,"options":{"engine":"r","label":"unnamed-chunk-52"},"document_id":"FBEC93E5","chunk_id":"c414dxcpn6qdv","chunk_label":"unnamed-chunk-32"},{"row":231,"row_count":1,"visible":true,"expansion_state":0,"options":{"engine":"r","label":"unnamed-chunk-55"},"document_id":"FBEC93E5","chunk_id":"croli9yhapsgc","chunk_label":"unnamed-chunk-33"},{"row":237,"row_count":1,"visible":true,"expansion_state":0,"options":{"engine":"r","label":"unnamed-chunk-57"},"document_id":"FBEC93E5","chunk_id":"ca45hxg1at5td","chunk_label":"unnamed-chunk-34"},{"row":243,"row_count":1,"visible":true,"expansion_state":0,"options":{"engine":"r","label":"unnamed-chunk-61"},"document_id":"FBEC93E5","chunk_id":"cgw39mxim95z1","chunk_label":"unnamed-chunk-35"},{"row":246,"row_count":1,"visible":true,"expansion_state":0,"options":{"engine":"r","label":"unnamed-chunk-62"},"document_id":"FBEC93E5","chunk_id":"cscsiqg2hu6ks","chunk_label":"unnamed-chunk-36"},{"row":261,"row_count":1,"visible":true,"expansion_state":0,"options":{"engine":"r","label":"unnamed-chunk-67"},"document_id":"FBEC93E5","chunk_id":"cwzc1lkbo2ume","chunk_label":"unnamed-chunk-37"},{"row":271,"row_count":1,"visible":true,"expansion_state":0,"options":{"engine":"r","label":"unnamed-chunk-68"},"document_id":"FBEC93E5","chunk_id":"cj97ffnq1nf81","chunk_label":"unnamed-chunk-38"},{"row":280,"row_count":1,"visible":true,"expansion_state":0,"options":{"engine":"r","label":"unnamed-chunk-69"},"document_id":"FBEC93E5","chunk_id":"c3022zn98aqvy","chunk_label":"unnamed-chunk-39"},{"row":285,"row_count":1,"visible":true,"expansion_state":0,"options":{"engine":"r","label":"unnamed-chunk-70"},"document_id":"FBEC93E5","chunk_id":"cphkjql8vkgiy","chunk_label":"unnamed-chunk-40"},{"row":295,"row_count":1,"visible":true,"expansion_state":0,"options":{"engine":"r","label":"unnamed-chunk-71"},"document_id":"FBEC93E5","chunk_id":"cpbpvqek9sc6x","chunk_label":"unnamed-chunk-41"},{"row":310,"row_count":1,"visible":true,"expansion_state":0,"options":{"engine":"r","label":"unnamed-chunk-84"},"document_id":"FBEC93E5","chunk_id":"cfq3pwajt2271","chunk_label":"unnamed-chunk-42"},{"row":322,"row_count":1,"visible":true,"expansion_state":0,"options":{"engine":"r","label":"unnamed-chunk-77"},"document_id":"FBEC93E5","chunk_id":"cqflmzitzdt8p","chunk_label":"unnamed-chunk-43"},{"row":326,"row_count":1,"visible":true,"expansion_state":0,"options":{"engine":"r","label":"unnamed-chunk-78"},"document_id":"FBEC93E5","chunk_id":"c777wf5bdwohr","chunk_label":"unnamed-chunk-44"},{"row":330,"row_count":1,"visible":true,"expansion_state":0,"options":{"engine":"r","label":"unnamed-chunk-79"},"document_id":"FBEC93E5","chunk_id":"csmguk7c4irc0","chunk_label":"unnamed-chunk-45"},{"row":336,"row_count":1,"visible":true,"expansion_state":0,"options":{"engine":"r","label":"unnamed-chunk-80"},"document_id":"FBEC93E5","chunk_id":"cw5i36shyldfp","chunk_label":"unnamed-chunk-46"},{"row":342,"row_count":1,"visible":true,"expansion_state":0,"options":{"engine":"r","label":"unnamed-chunk-81"},"document_id":"FBEC93E5","chunk_id":"cvlcapsfycs1l","chunk_label":"unnamed-chunk-47"},{"row":348,"row_count":1,"visible":true,"expansion_state":0,"options":{"engine":"r","label":"unnamed-chunk-82"},"document_id":"FBEC93E5","chunk_id":"cowsl09eqoxu3","chunk_label":"unnamed-chunk-48"},{"row":357,"row_count":1,"visible":true,"expansion_state":0,"options":{"engine":"r","label":"unnamed-chunk-83"},"document_id":"FBEC93E5","chunk_id":"c4ynpwp74qi0y","chunk_label":"unnamed-chunk-49"},{"row":363,"row_count":1,"visible":true,"expansion_state":0,"options":{"engine":"r","label":"unnamed-chunk-85"},"document_id":"FBEC93E5","chunk_id":"c8qc1cdvdwc1a","chunk_label":"unnamed-chunk-50"}],"doc_write_time":1659573789,"working_dir":null,"default_chunk_options":{"echo":true},"chunk_rendered_width":700}